from,to,length
0,1,5
0,2,8
0,3,8
0,6,3
0,7,6
0,8,3
0,9,4
0,10,4
0,11,7
0,13,9
0,14,3
0,16,6
0,19,6
0,20,4
0,21,9
0,22,3
0,24,4
0,25,9
0,27,8
0,28,8
0,32,9
0,33,9
0,36,6
0,38,6
0,39,7
0,40,9
0,42,7
0,44,6
0,47,8
0,48,4
0,49,8
0,50,4
0,51,7
0,55,4
0,56,6
0,58,4
0,65,5
0,66,3
0,67,6
0,69,3
0,71,5
0,72,7
0,73,4
0,74,3
0,75,9
0,76,3
0,77,4
0,78,5
0,79,4
0,80,3
0,81,3
0,82,4
0,83,5
0,86,7
0,87,7
0,88,4
0,89,7
0,90,5
0,92,5
0,93,9
0,94,9
0,96,5
0,97,8
0,98,3
0,99,6
0,100,9
0,103,3
0,104,7
0,107,8
0,108,9
0,109,4
0,110,5
0,113,7
0,116,5
0,117,9
0,118,5
0,119,5
0,120,3
0,122,8
0,123,4
0,125,5
0,127,5
0,128,6
0,129,9
0,131,8
0,132,8
0,133,4
0,134,7
0,137,5
0,138,7
0,139,4
0,142,4
0,144,8
0,145,3
0,147,9
0,148,4
0,149,5
0,154,8
0,156,3
0,157,5
0,160,9
1,2,8
1,3,7
1,6,4
1,7,5
1,8,4
1,9,7
1,10,6
1,11,7
1,13,9
1,14,7
1,16,3
1,20,3
1,21,9
1,22,7
1,24,8
1,25,9
1,27,8
1,28,8
1,30,6
1,32,9
1,33,9
1,36,3
1,38,6
1,39,7
1,40,9
1,44,6
1,47,8
1,48,6
1,49,8
1,50,6
1,51,6
1,55,4
1,56,6
1,65,4
1,66,6
1,68,4
1,69,4
1,71,5
1,72,5
1,73,5
1,74,6
1,75,9
1,76,6
1,77,7
1,78,7
1,79,5
1,80,7
1,81,7
1,82,6
1,83,5
1,86,7
1,87,6
1,88,6
1,89,7
1,92,9
1,93,9
1,94,9
1,96,5
1,97,7
1,98,6
1,100,8
1,103,7
1,104,7
1,107,8
1,108,9
1,109,6
1,110,6
1,111,5
1,116,6
1,117,8
1,118,6
1,119,4
1,120,5
1,122,6
1,123,5
1,125,3
1,127,5
1,128,4
1,129,9
1,131,8
1,132,7
1,133,7
1,134,7
1,137,7
1,138,6
1,139,4
1,140,6
1,142,8
1,144,8
1,145,3
1,146,5
1,147,9
1,148,5
1,149,6
1,153,6
1,154,6
1,156,7
1,157,6
1,160,8
2,3,4
2,4,6
2,6,7
2,7,6
2,8,7
2,10,7
2,11,5
2,13,3
2,16,8
2,17,7
2,20,7
2,21,3
2,23,6
2,25,4
2,27,4
2,28,3
2,30,9
2,32,5
2,33,5
2,35,3
2,36,7
2,38,6
2,39,6
2,40,5
2,44,3
2,46,5
2,47,4
2,48,9
2,49,4
2,50,9
2,51,4
2,53,5
2,54,4
2,55,7
2,56,5
2,57,4
2,58,7
2,60,3
2,61,4
2,65,7
2,66,9
2,68,7
2,69,6
2,71,4
2,72,5
2,73,5
2,74,9
2,75,5
2,76,9
2,78,7
2,79,7
2,82,8
2,83,5
2,84,9
2,85,4
2,87,6
2,88,7
2,89,5
2,90,8
2,91,7
2,96,8
2,97,5
2,98,9
2,99,8
2,101,7
2,102,7
2,104,6
2,108,3
2,109,9
2,110,7
2,111,8
2,116,6
2,117,4
2,118,7
2,119,8
2,120,8
2,121,6
2,122,6
2,123,6
2,124,3
2,125,8
2,126,4
2,127,7
2,128,6
2,129,5
2,130,8
2,131,4
2,132,3
2,134,3
2,136,8
2,138,5
2,139,5
2,140,9
2,141,6
2,143,4
2,145,6
2,146,8
2,147,5
2,148,7
2,149,7
2,153,9
2,154,6
2,157,7
2,158,6
2,159,7
2,160,4
3,4,9
3,6,8
3,7,4
3,8,7
3,9,9
3,10,5
3,11,3
3,13,6
3,14,8
3,16,6
3,20,7
3,21,6
3,22,8
3,23,9
3,24,9
3,25,7
3,27,7
3,28,6
3,30,7
3,32,8
3,33,8
3,35,6
3,36,5
3,38,4
3,39,4
3,40,8
3,44,6
3,46,8
3,47,7
3,48,7
3,49,7
3,50,7
3,53,8
3,54,7
3,55,7
3,56,3
3,57,7
3,58,8
3,60,6
3,61,7
3,65,5
3,66,8
3,68,8
3,69,9
3,71,7
3,72,3
3,73,8
3,74,7
3,75,8
3,76,7
3,77,8
3,78,5
3,80,8
3,81,8
3,82,6
3,83,8
3,85,7
3,86,5
3,87,4
3,88,5
3,89,3
3,90,7
3,93,5
3,94,5
3,96,6
3,97,3
3,98,7
3,99,6
3,100,3
3,103,8
3,104,4
3,107,5
3,108,6
3,109,7
3,111,8
3,116,4
3,117,3
3,119,6
3,120,6
3,121,9
3,122,4
3,123,9
3,124,6
3,125,6
3,126,7
3,127,5
3,128,4
3,129,8
3,131,7
3,133,9
3,134,6
3,137,8
3,138,3
3,139,8
3,140,8
3,141,9
3,142,9
3,143,7
3,144,5
3,145,8
3,146,8
3,147,8
3,148,5
3,153,8
3,154,4
3,156,8
3,158,9
3,160,3
4,6,9
4,8,9
4,13,5
4,17,3
4,20,9
4,21,6
4,23,3
4,25,3
4,27,3
4,28,4
4,35,7
4,40,5
4,44,5
4,46,4
4,47,5
4,49,4
4,51,9
4,53,3
4,54,8
4,55,9
4,57,7
4,58,9
4,60,7
4,61,8
4,68,9
4,69,8
4,71,6
4,73,7
4,75,4
4,79,9
4,83,7
4,84,4
4,85,8
4,86,5
4,91,3
4,93,6
4,94,7
4,100,7
4,101,3
4,107,5
4,108,4
4,110,9
4,117,9
4,118,9
4,121,3
4,123,8
4,124,7
4,126,8
4,129,5
4,130,3
4,131,3
4,132,8
4,134,4
4,136,4
4,139,7
4,141,3
4,143,6
4,144,6
4,145,8
4,147,3
4,149,9
4,157,9
4,159,3
4,160,9
5,12,9
5,31,3
5,34,5
5,43,4
5,45,8
5,52,3
5,59,8
5,62,3
5,64,7
5,95,9
5,106,6
5,112,4
5,115,3
5,135,3
5,155,3
6,7,6
6,9,5
6,10,4
6,11,7
6,13,8
6,14,5
6,16,5
6,19,8
6,20,3
6,21,8
6,22,5
6,23,9
6,24,6
6,25,8
6,27,7
6,28,7
6,30,4
6,32,8
6,33,8
6,35,9
6,36,5
6,38,6
6,39,7
6,40,8
6,42,9
6,44,5
6,46,9
6,47,7
6,48,4
6,49,7
6,50,4
6,51,7
6,53,9
6,56,6
6,57,9
6,58,3
6,60,9
6,65,5
6,66,4
6,67,8
6,69,3
6,71,4
6,72,7
6,73,4
6,74,4
6,75,8
6,76,4
6,77,5
6,78,5
6,79,4
6,80,5
6,81,5
6,82,4
6,83,4
6,86,6
6,87,7
6,88,4
6,89,7
6,90,4
6,92,7
6,93,8
6,94,8
6,96,5
6,97,8
6,98,4
6,99,5
6,100,8
6,103,5
6,104,7
6,107,7
6,108,8
6,109,4
6,110,5
6,111,3
6,113,9
6,116,5
6,117,9
6,118,5
6,119,4
6,120,3
6,121,9
6,122,8
6,123,4
6,124,9
6,125,4
6,127,5
6,128,6
6,129,8
6,131,7
6,132,8
6,133,5
6,134,6
6,137,5
6,138,7
6,139,3
6,140,4
6,141,9
6,142,6
6,143,9
6,144,7
6,146,3
6,147,8
6,148,4
6,149,5
6,153,4
6,154,8
6,156,5
6,157,5
6,158,9
6,160,9
7,8,5
7,9,7
7,10,4
7,11,3
7,13,8
7,14,6
7,16,4
7,19,9
7,20,4
7,21,8
7,22,6
7,24,7
7,25,9
7,27,9
7,28,8
7,30,5
7,35,8
7,36,3
7,39,3
7,44,8
7,47,9
7,48,5
7,49,9
7,50,5
7,51,3
7,54,9
7,55,5
7,57,9
7,58,5
7,60,8
7,61,9
7,66,6
7,67,9
7,68,6
7,69,6
7,71,7
7,73,7
7,74,5
7,76,5
7,77,6
7,78,4
7,79,7
7,80,6
7,81,6
7,82,5
7,83,7
7,85,9
7,86,7
7,88,4
7,89,3
7,90,4
7,92,8
7,93,7
7,94,7
7,96,4
7,97,4
7,98,5
7,99,4
7,100,5
7,103,6
7,104,3
7,107,7
7,108,8
7,109,5
7,110,8
7,111,6
7,116,3
7,117,5
7,118,8
7,119,3
7,120,4
7,122,3
7,123,7
7,124,8
7,125,3
7,126,9
7,131,9
7,132,4
7,133,7
7,134,8
7,137,6
7,139,6
7,140,6
7,142,7
7,143,9
7,144,7
7,145,5
7,146,6
7,148,3
7,149,8
7,153,6
7,154,3
7,156,6
7,157,8
7,160,5
8,9,5
8,10,3
8,11,6
8,13,8
8,14,4
8,16,5
8,19,7
8,20,3
8,21,8
8,22,4
8,23,9
8,24,5
8,25,8
8,27,7
8,28,7
8,30,3
8,32,8
8,33,8
8,35,9
8,36,5
8,38,5
8,39,6
8,40,8
8,42,8
8,44,5
8,46,9
8,47,7
8,48,3
8,49,7
8,50,3
8,51,6
8,53,9
8,56,5
8,57,9
8,58,3
8,60,9
8,65,4
8,66,4
8,67,7
8,69,3
8,71,4
8,72,6
8,73,4
8,74,3
8,75,8
8,76,3
8,77,4
8,78,4
8,79,4
8,80,4
8,81,4
8,82,3
8,83,4
8,86,6
8,87,6
8,88,3
8,89,6
8,90,4
8,92,6
8,93,8
8,94,8
8,96,4
8,97,7
8,98,3
8,99,5
8,100,8
8,103,4
8,104,6
8,107,7
8,108,8
8,109,3
8,110,5
8,111,3
8,113,8
8,116,4
8,117,8
8,118,5
8,119,4
8,121,9
8,122,7
8,123,4
8,124,9
8,125,4
8,127,4
8,128,5
8,129,8
8,131,7
8,132,7
8,133,5
8,134,6
8,137,4
8,138,6
8,139,3
8,140,4
8,141,9
8,142,5
8,143,9
8,144,7
8,146,3
8,147,8
8,148,3
8,149,5
8,153,4
8,154,7
8,156,4
8,157,5
8,158,9
8,160,8
9,10,5
9,11,8
9,14,3
9,16,8
9,19,5
9,20,6
9,24,4
9,30,3
9,36,7
9,38,7
9,39,8
9,42,6
9,44,8
9,48,5
9,50,5
9,51,8
9,55,5
9,56,7
9,58,6
9,65,6
9,67,5
9,68,4
9,69,5
9,71,7
9,72,8
9,73,6
9,74,4
9,76,4
9,77,5
9,78,6
9,79,6
9,80,4
9,81,3
9,82,5
9,83,7
9,86,9
9,87,8
9,88,5
9,89,8
9,90,7
9,92,4
9,96,6
9,97,9
9,98,4
9,99,8
9,103,3
9,104,8
9,109,5
9,110,7
9,111,3
9,113,6
9,116,6
9,118,7
9,119,6
9,120,4
9,122,9
9,123,6
9,125,7
9,127,6
9,128,7
9,132,9
9,133,3
9,134,9
9,137,6
9,138,8
9,139,6
9,140,4
9,142,3
9,145,5
9,146,5
9,148,5
9,149,7
9,153,5
9,154,9
9,156,4
9,157,7
10,11,4
10,13,9
10,14,4
10,16,5
10,19,7
10,20,4
10,21,9
10,22,4
10,24,5
10,27,9
10,28,9
10,30,3
10,35,9
10,36,4
10,38,3
10,39,4
10,42,8
10,44,7
10,47,9
10,48,3
10,49,9
10,50,3
10,51,4
10,55,3
10,56,3
10,58,5
10,60,9
10,65,3
10,66,4
10,67,7
10,68,4
10,69,5
10,71,6
10,72,5
10,73,6
10,74,3
10,76,3
10,77,4
10,78,3
10,79,6
10,80,4
10,81,4
10,83,6
10,86,8
10,87,5
10,89,4
10,90,5
10,92,6
10,93,8
10,94,8
10,96,3
10,97,5
10,98,3
10,99,5
10,100,6
10,103,4
10,104,4
10,107,8
10,108,9
10,109,3
10,110,7
10,111,4
10,113,8
10,117,6
10,118,7
10,119,3
10,122,6
10,123,6
10,124,9
10,125,4
10,127,3
10,128,4
10,131,9
10,132,5
10,133,5
10,134,8
10,137,4
10,138,4
10,139,5
10,140,4
10,142,5
10,144,8
10,145,4
10,146,4
10,149,7
10,153,4
10,154,6
10,156,4
10,157,7
10,160,6
11,13,7
11,14,7
11,16,6
11,20,6
11,21,7
11,22,7
11,24,8
11,25,8
11,27,8
11,28,7
11,30,6
11,32,9
11,33,9
11,35,7
11,36,5
11,38,3
11,39,3
11,40,9
11,44,7
11,46,9
11,47,8
11,48,6
11,49,8
11,50,6
11,53,9
11,54,8
11,55,6
11,57,8
11,58,7
11,60,7
11,61,8
11,65,4
11,66,7
11,68,7
11,69,8
11,71,8
11,72,3
11,73,9
11,74,6
11,75,9
11,76,6
11,77,7
11,78,4
11,79,9
11,80,7
11,81,7
11,82,5
11,83,9
11,85,8
11,86,6
11,87,4
11,88,4
11,90,6
11,92,9
11,93,6
11,94,6
11,96,5
11,97,3
11,98,6
11,99,6
11,100,4
11,103,7
11,107,6
11,108,7
11,109,6
11,111,7
11,116,3
11,117,4
11,119,5
11,120,5
11,122,4
11,123,9
11,124,7
11,125,5
11,126,8
11,127,4
11,128,4
11,129,9
11,131,8
11,132,3
11,133,8
11,134,7
11,137,7
11,138,3
11,139,8
11,140,7
11,142,8
11,143,8
11,144,6
11,145,7
11,146,7
11,147,9
11,148,4
11,153,7
11,154,4
11,156,7
11,160,4
12,15,9
12,18,8
12,26,4
12,29,9
12,31,7
12,34,5
12,43,8
12,45,3
12,52,9
12,62,9
12,64,3
12,106,4
12,112,6
12,114,9
12,115,8
12,135,9
12,151,3
12,152,9
12,155,8
13,17,7
13,20,8
13,23,6
13,25,3
13,27,4
13,28,3
13,32,5
13,33,4
13,35,3
13,36,9
13,38,8
13,39,8
13,40,6
13,44,4
13,46,4
13,47,5
13,49,5
13,51,6
13,53,4
13,54,5
13,55,8
13,56,7
13,57,3
13,58,8
13,60,4
13,61,5
13,65,9
13,68,8
13,69,7
13,71,5
13,72,7
13,73,6
13,75,6
13,78,9
13,79,8
13,83,6
13,84,8
13,85,4
13,86,3
13,87,8
13,88,9
13,89,7
13,90,9
13,91,7
13,93,3
13,94,4
13,97,7
13,100,4
13,101,7
13,102,6
13,104,8
13,110,8
13,111,9
13,116,8
13,117,6
13,118,8
13,119,9
13,120,9
13,121,6
13,122,8
13,123,7
13,124,4
13,125,9
13,126,5
13,127,9
13,128,8
13,129,6
13,130,7
13,131,5
13,132,5
13,134,4
13,136,8
13,138,7
13,139,6
13,141,6
13,144,4
13,145,7
13,146,9
13,147,6
13,148,9
13,149,8
13,154,8
13,157,8
13,158,6
13,159,7
13,160,6
14,16,7
14,19,6
14,20,6
14,22,3
14,24,4
14,36,6
14,38,6
14,39,7
14,42,7
14,44,8
14,48,4
14,50,4
14,51,7
14,55,4
14,56,6
14,58,6
14,65,5
14,67,6
14,68,4
14,69,5
14,71,7
14,72,7
14,73,6
14,74,3
14,76,3
14,77,4
14,78,5
14,79,6
14,80,3
14,81,3
14,82,4
14,83,7
14,86,9
14,87,7
14,88,4
14,89,7
14,90,7
14,92,5
14,96,5
14,97,8
14,98,3
14,99,7
14,100,9
14,103,3
14,104,7
14,109,4
14,110,7
14,111,3
14,113,7
14,116,5
14,117,9
14,118,7
14,119,5
14,120,3
14,122,8
14,123,6
14,125,6
14,127,5
14,128,6
14,132,8
14,133,3
14,134,9
14,137,5
14,138,7
14,139,6
14,140,3
14,142,4
14,145,5
14,146,4
14,148,4
14,149,7
14,153,4
14,154,8
14,156,3
14,157,7
14,160,9
15,31,3
15,34,5
15,43,3
15,45,8
15,52,3
15,59,8
15,62,3
15,64,7
15,95,9
15,106,6
15,112,4
15,135,3
15,152,3
15,155,3
16,20,3
16,22,7
16,24,8
16,27,9
16,28,9
16,30,6
16,38,5
16,39,6
16,44,7
16,47,9
16,48,6
16,49,9
16,50,6
16,51,5
16,55,5
16,56,5
16,58,4
16,65,3
16,66,7
16,68,5
16,69,5
16,71,6
16,72,4
16,73,6
16,74,6
16,76,6
16,77,7
16,78,6
16,79,6
16,80,7
16,81,7
16,82,6
16,83,6
16,86,8
16,87,5
16,88,6
16,89,6
16,90,3
16,92,9
16,93,9
16,94,9
16,96,4
16,97,6
16,98,6
16,100,7
16,103,7
16,104,6
16,107,9
16,109,6
16,110,7
16,111,6
16,116,5
16,117,7
16,118,7
16,119,3
16,120,5
16,122,5
16,123,6
16,127,4
16,128,3
16,131,9
16,132,6
16,133,8
16,134,8
16,137,7
16,138,5
16,139,5
16,140,7
16,142,8
16,144,9
16,145,4
16,146,6
16,148,4
16,149,7
16,153,7
16,154,5
16,156,7
16,157,7
16,160,7
17,21,7
17,23,4
17,25,5
17,27,4
17,28,5
17,32,3
17,33,4
17,35,8
17,40,6
17,44,6
17,46,6
17,47,6
17,49,5
17,53,5
17,54,9
17,57,8
17,60,8
17,61,9
17,69,9
17,71,7
17,73,8
17,75,4
17,83,8
17,84,3
17,85,9
17,86,6
17,91,3
17,93,7
17,94,8
17,100,8
17,101,3
17,107,6
17,108,6
17,121,4
17,123,9
17,124,8
17,126,9
17,129,5
17,131,4
17,132,9
17,134,5
17,136,3
17,139,8
17,141,3
17,143,8
17,144,7
17,145,9
17,147,4
18,29,3
18,34,4
18,43,3
18,45,7
18,59,7
18,64,6
18,95,8
18,106,5
18,112,3
18,151,9
19,20,9
19,22,4
19,24,4
19,30,5
19,36,9
19,38,9
19,42,4
19,48,7
19,50,7
19,55,7
19,56,9
19,58,9
19,65,8
19,66,5
19,67,3
19,68,7
19,69,8
19,73,9
19,74,6
19,76,6
19,77,7
19,78,8
19,79,9
19,80,6
19,81,4
19,82,7
19,88,7
19,96,8
19,98,6
19,103,6
19,109,7
19,111,6
19,113,4
19,116,8
19,119,8
19,120,6
19,123,9
19,125,9
19,127,8
19,128,9
19,133,6
19,137,8
19,139,9
19,140,6
19,142,3
19,145,8
19,146,7
19,148,7
19,153,7
19,156,5
20,21,8
20,22,6
20,23,9
20,24,7
20,25,8
20,27,7
20,28,7
20,30,5
20,32,8
20,33,8
20,35,9
20,36,3
20,38,5
20,39,6
20,40,8
20,44,5
20,46,9
20,47,7
20,48,5
20,49,7
20,50,5
20,51,6
20,53,9
20,55,3
20,56,5
20,57,9
20,60,9
20,65,3
20,66,5
20,67,9
20,68,3
20,69,3
20,71,4
20,72,5
20,73,4
20,74,5
20,75,8
20,76,5
20,77,6
20,78,5
20,79,4
20,80,6
20,81,6
20,82,5
20,83,4
20,86,6
20,87,5
20,88,5
20,89,6
20,92,8
20,93,8
20,94,8
20,96,3
20,97,7
20,98,5
20,99,3
20,100,8
20,103,6
20,104,6
20,107,7
20,108,8
20,109,5
20,110,5
20,111,4
20,116,4
20,117,8
20,118,5
20,120,4
20,121,9
20,122,6
20,123,4
20,124,9
20,127,4
20,128,4
20,129,8
20,131,7
20,132,7
20,133,6
20,134,6
20,137,6
20,138,5
20,139,3
20,140,5
20,141,9
20,142,7
20,143,9
20,144,7
20,146,4
20,147,8
20,148,3
20,149,5
20,153,5
20,154,6
20,156,6
20,157,5
20,158,9
20,160,8
21,23,6
21,25,4
21,27,4
21,28,3
21,32,5
21,33,5
21,36,9
21,38,8
21,39,8
21,40,6
21,44,4
21,46,5
21,47,5
21,49,5
21,51,6
21,53,5
21,54,4
21,55,8
21,56,7
21,58,8
21,60,3
21,61,4
21,65,9
21,68,8
21,69,7
21,71,5
21,72,7
21,73,6
21,75,6
21,78,9
21,79,8
21,83,6
21,84,9
21,85,3
21,86,3
21,87,8
21,88,9
21,89,7
21,90,9
21,91,7
21,94,3
21,97,7
21,100,4
21,101,7
21,102,7
21,104,8
21,108,3
21,110,8
21,111,9
21,116,8
21,117,6
21,118,8
21,119,9
21,120,9
21,121,6
21,122,8
21,123,7
21,124,3
21,125,9
21,126,4
21,127,9
21,128,8
21,129,6
21,130,8
21,131,5
21,132,5
21,134,4
21,136,8
21,138,7
21,139,6
21,141,6
21,144,4
21,145,7
21,146,9
21,147,6
21,148,9
21,149,8
21,154,8
21,157,8
21,158,6
21,159,7
21,160,6
22,24,3
22,36,6
22,38,6
22,39,7
22,42,5
22,44,8
22,48,4
22,50,4
22,51,7
22,55,4
22,56,6
22,58,6
22,65,5
22,67,4
22,68,4
22,69,5
22,71,7
22,72,7
22,73,6
22,74,3
22,76,3
22,77,4
22,78,5
22,79,6
22,80,3
22,82,4
22,83,7
22,86,9
22,87,7
22,88,4
22,89,7
22,90,7
22,92,3
22,96,5
22,97,8
22,98,3
22,99,7
22,100,9
22,103,3
22,104,7
22,109,4
22,110,7
22,111,3
22,113,5
22,116,5
22,117,9
22,118,7
22,119,5
22,120,3
22,122,8
22,123,6
22,125,6
22,127,5
22,128,6
22,132,8
22,133,3
22,134,9
22,137,5
22,138,7
22,139,6
22,140,3
22,145,5
22,146,4
22,148,4
22,149,7
22,153,4
22,154,8
22,156,3
22,157,7
22,160,9
23,25,4
23,27,3
23,28,4
23,33,3
23,35,7
23,40,5
23,44,5
23,46,5
23,47,5
23,49,4
23,51,9
23,53,4
23,54,8
23,55,9
23,57,7
23,58,9
23,60,7
23,61,8
23,68,9
23,69,8
23,71,6
23,73,7
23,75,3
23,79,9
23,83,7
23,84,5
23,85,8
23,86,5
23,91,3
23,93,6
23,94,7
23,100,7
23,101,3
23,102,4
23,107,5
23,108,5
23,110,9
23,117,9
23,118,9
23,123,8
23,124,7
23,126,8
23,129,4
23,130,4
23,131,3
23,132,8
23,134,4
23,136,4
23,139,7
23,143,7
23,144,6
23,145,8
23,147,3
23,149,9
23,157,9
23,158,3
23,159,4
23,160,9
24,30,3
24,36,7
24,38,7
24,39,8
24,42,5
24,44,9
24,48,5
24,50,5
24,51,8
24,55,5
24,56,7
24,58,7
24,65,6
24,66,4
24,67,4
24,68,5
24,69,6
24,71,8
24,72,8
24,73,7
24,74,4
24,76,4
24,77,5
24,78,6
24,79,7
24,80,4
24,82,5
24,83,8
24,87,8
24,88,5
24,89,8
24,90,8
24,92,3
24,96,6
24,97,9
24,98,4
24,99,8
24,103,4
24,104,8
24,109,5
24,110,8
24,111,4
24,113,5
24,116,6
24,118,8
24,119,6
24,120,4
24,122,9
24,123,7
24,125,7
24,127,6
24,128,7
24,132,9
24,133,5
24,137,6
24,138,8
24,139,7
24,140,4
24,145,6
24,146,5
24,148,5
24,149,8
24,153,5
24,154,9
24,157,8
25,32,3
25,35,5
25,38,9
25,39,9
25,40,5
25,44,4
25,47,4
25,49,4
25,51,7
25,54,6
25,55,8
25,56,8
25,57,5
25,58,8
25,60,5
25,61,6
25,68,8
25,69,7
25,71,5
25,72,8
25,73,6
25,75,4
25,79,8
25,83,6
25,84,6
25,85,6
25,86,3
25,87,9
25,89,8
25,90,9
25,91,5
25,93,4
25,94,5
25,97,8
25,100,5
25,101,5
25,102,4
25,104,9
25,107,3
25,110,8
25,111,9
25,116,9
25,117,7
25,118,8
25,119,9
25,120,9
25,121,4
25,122,9
25,123,7
25,124,5
25,125,9
25,126,6
25,128,9
25,129,5
25,130,5
25,131,3
25,132,6
25,134,3
25,136,6
25,138,8
25,139,6
25,141,4
25,143,4
25,144,4
25,145,7
25,146,9
25,147,4
25,149,8
25,154,9
25,157,8
25,158,4
25,159,5
25,160,7
26,31,9
26,34,7
26,45,5
26,59,4
26,64,5
26,95,3
26,106,6
26,112,8
27,30,9
27,35,5
27,36,9
27,38,9
27,39,9
27,40,4
27,44,3
27,46,3
27,47,3
27,48,9
27,49,3
27,50,9
27,51,7
27,53,3
27,54,6
27,55,7
27,56,8
27,57,5
27,58,7
27,60,5
27,61,6
27,65,9
27,66,9
27,68,7
27,69,6
27,71,4
27,72,8
27,73,5
27,74,9
27,75,3
27,76,9
27,79,7
27,82,9
27,83,5
27,84,6
27,85,6
27,86,3
27,87,9
27,88,9
27,89,8
27,90,8
27,91,4
27,93,4
27,94,5
27,96,9
27,97,8
27,98,9
27,99,9
27,100,5
27,101,4
27,102,4
27,104,9
27,107,3
27,108,3
27,109,9
27,110,7
27,111,8
27,116,9
27,117,7
27,118,7
27,119,8
27,120,8
27,121,3
27,122,9
27,123,6
27,124,5
27,125,8
27,126,6
27,128,9
27,129,4
27,130,5
27,132,6
27,136,5
27,138,8
27,139,5
27,140,9
27,141,3
27,143,5
27,144,4
27,145,6
27,146,8
27,147,3
27,148,9
27,149,7
27,153,9
27,154,9
27,157,7
27,158,3
27,159,4
27,160,7
28,30,9
28,32,3
28,33,3
28,35,4
28,36,9
28,38,8
28,39,8
28,40,4
28,44,3
28,46,3
28,47,3
28,48,9
28,49,3
28,50,9
28,51,6
28,53,3
28,54,5
28,55,7
28,56,7
28,57,4
28,58,7
28,60,4
28,61,5
28,65,9
28,66,9
28,68,7
28,69,6
28,71,4
28,72,7
28,73,5
28,74,9
28,75,4
28,76,9
28,78,9
28,79,7
28,82,9
28,83,5
28,84,7
28,85,5
28,87,8
28,88,9
28,89,7
28,90,8
28,91,5
28,93,3
28,94,4
28,96,9
28,97,7
28,98,9
28,99,9
28,100,4
28,101,5
28,102,5
28,104,8
28,109,9
28,110,7
28,111,8
28,116,8
28,117,6
28,118,7
28,119,8
28,120,8
28,121,4
28,122,8
28,123,6
28,124,4
28,125,8
28,126,5
28,127,9
28,128,8
28,129,4
28,130,6
28,131,3
28,132,5
28,136,6
28,138,7
28,139,5
28,140,9
28,141,4
28,143,4
28,144,3
28,145,6
28,146,8
28,147,4
28,148,9
28,149,7
28,153,9
28,154,8
28,157,7
28,158,4
28,159,5
28,160,6
29,31,3
29,34,5
29,43,3
29,45,8
29,52,4
29,59,8
29,62,4
29,64,7
29,95,9
29,106,6
29,112,4
29,114,3
29,135,4
29,152,3
29,155,4
30,36,5
30,38,5
30,39,6
30,42,6
30,44,7
30,47,9
30,48,3
30,49,9
30,50,3
30,51,6
30,55,3
30,56,5
30,58,5
30,65,4
30,67,5
30,68,3
30,69,4
30,71,6
30,72,6
30,73,5
30,77,3
30,78,4
30,79,5
30,82,3
30,83,6
30,86,8
30,87,6
30,88,3
30,89,6
30,90,6
30,92,4
30,96,4
30,97,7
30,99,6
30,100,8
30,104,6
30,107,9
30,109,3
30,110,6
30,113,6
30,116,4
30,117,8
30,118,6
30,119,4
30,122,7
30,123,5
30,125,5
30,127,4
30,128,5
30,131,9
30,132,7
30,133,3
30,134,8
30,137,4
30,138,6
30,139,5
30,142,3
30,144,9
30,145,4
30,146,3
30,148,3
30,149,6
30,153,3
30,154,7
30,157,6
30,160,8
31,34,3
31,45,6
31,52,3
31,59,6
31,62,3
31,64,5
31,95,7
31,106,4
31,114,3
31,135,3
31,151,8
31,152,3
32,35,6
32,40,4
32,44,4
32,46,4
32,47,4
32,49,3
32,51,8
32,53,3
32,54,7
32,55,8
32,56,9
32,57,6
32,58,8
32,60,6
32,61,7
32,68,8
32,69,7
32,71,5
32,72,9
32,73,6
32,75,3
32,79,8
32,83,6
32,84,5
32,85,7
32,86,4
32,89,9
32,90,9
32,91,3
32,93,5
32,94,6
32,97,9
32,100,6
32,101,3
32,102,3
32,107,4
32,108,4
32,110,8
32,111,9
32,117,8
32,118,8
32,119,9
32,120,9
32,123,7
32,124,6
32,125,9
32,126,7
32,129,4
32,130,4
32,132,7
32,134,3
32,136,4
32,138,9
32,139,6
32,143,6
32,144,5
32,145,7
32,146,9
32,149,8
32,157,8
32,159,3
32,160,8
33,35,6
33,40,5
33,44,4
33,46,3
33,47,4
33,49,4
33,51,8
33,54,7
33,55,8
33,56,9
33,57,6
33,58,8
33,60,6
33,61,7
33,68,8
33,69,7
33,71,5
33,72,9
33,73,6
33,75,4
33,79,8
33,83,6
33,84,5
33,85,7
33,86,4
33,89,9
33,90,9
33,91,4
33,93,5
33,94,6
33,97,9
33,100,6
33,101,4
33,102,3
33,107,4
33,108,3
33,110,8
33,111,9
33,117,8
33,118,8
33,119,9
33,120,9
33,121,3
33,123,7
33,124,6
33,125,9
33,126,7
33,129,5
33,130,4
33,131,3
33,132,7
33,134,3
33,136,5
33,138,9
33,139,6
33,141,3
33,143,5
33,144,5
33,145,7
33,146,9
33,147,3
33,149,8
33,157,8
33,158,3
33,159,4
33,160,8
34,43,4
34,45,4
34,52,5
34,59,4
34,62,5
34,64,3
34,95,5
34,114,5
34,115,4
34,135,5
34,151,6
34,152,5
34,155,4
35,36,9
35,38,8
35,39,8
35,40,7
35,44,5
35,46,6
35,47,6
35,49,6
35,51,6
35,53,6
35,54,4
35,55,9
35,56,7
35,58,9
35,61,3
35,65,9
35,68,9
35,69,8
35,71,6
35,72,7
35,73,7
35,75,7
35,78,9
35,79,9
35,83,7
35,86,4
35,87,8
35,88,9
35,89,7
35,91,8
35,94,3
35,97,7
35,100,4
35,101,8
35,102,8
35,104,8
35,107,3
35,108,4
35,110,9
35,116,8
35,117,6
35,118,9
35,121,7
35,122,8
35,123,8
35,124,3
35,126,3
35,127,9
35,128,8
35,129,7
35,130,9
35,131,6
35,132,5
35,134,5
35,136,9
35,138,7
35,139,7
35,141,7
35,143,3
35,144,4
35,145,8
35,147,7
35,148,9
35,149,9
35,154,8
35,157,9
35,158,7
35,159,8
35,160,6
36,38,4
36,39,5
36,44,7
36,47,9
36,48,5
36,49,9
36,50,5
36,51,4
36,55,5
36,56,4
36,58,4
36,60,9
36,66,6
36,67,9
36,68,5
36,69,5
36,71,6
36,72,3
36,73,6
36,74,5
36,76,5
36,77,6
36,78,5
36,79,6
36,80,6
36,81,6
36,82,5
36,83,6
36,86,8
36,87,4
36,88,5
36,89,5
36,90,3
36,92,8
36,93,8
36,94,8
36,96,4
36,97,5
36,98,5
36,100,6
36,103,6
36,104,5
36,107,8
36,108,9
36,109,5
36,110,7
36,111,6
36,116,4
36,117,6
36,118,7
36,119,3
36,120,4
36,122,4
36,123,6
36,124,9
36,127,3
36,131,9
36,132,5
36,133,7
36,134,8
36,137,6
36,138,4
36,139,5
36,140,6
36,142,7
36,144,8
36,145,4
36,146,6
36,148,3
36,149,7
36,153,6
36,154,4
36,156,6
36,157,7
36,160,6
37,70,3
38,39,3
38,44,8
38,47,9
38,48,5
38,49,9
38,50,5
38,51,3
38,54,9
38,55,5
38,57,9
38,58,6
38,60,8
38,61,9
38,65,3
38,66,6
38,67,9
38,68,6
38,69,7
38,71,8
38,72,3
38,73,8
38,74,5
38,76,5
38,77,6
38,78,3
38,79,8
38,80,6
38,81,6
38,82,4
38,83,8
38,85,9
38,86,7
38,87,3
38,88,3
38,89,3
38,90,5
38,92,8
38,93,7
38,94,7
38,96,4
38,97,4
38,98,5
38,99,5
38,100,5
38,103,6
38,104,3
38,107,7
38,108,8
38,109,5
38,110,9
38,111,6
38,117,5
38,118,9
38,119,4
38,120,4
38,122,4
38,123,8
38,124,8
38,125,4
38,126,9
38,128,3
38,131,9
38,132,4
38,133,7
38,134,8
38,137,6
38,138,3
38,139,7
38,140,6
38,142,7
38,143,9
38,144,7
38,145,6
38,146,6
38,148,3
38,149,9
38,153,6
38,154,4
38,156,6
38,157,9
38,160,5
39,44,8
39,47,9
39,48,6
39,49,9
39,50,6
39,51,3
39,54,9
39,55,6
39,57,9
39,58,7
39,60,8
39,61,9
39,65,4
39,66,7
39,68,7
39,69,8
39,71,9
39,72,4
39,73,9
39,74,6
39,76,6
39,77,7
39,78,4
39,79,9
39,80,7
39,81,7
39,82,5
39,83,9
39,85,9
39,86,7
39,87,4
39,88,4
39,89,3
39,90,6
39,92,9
39,93,7
39,94,7
39,96,5
39,97,4
39,98,6
39,99,6
39,100,5
39,103,7
39,104,3
39,107,7
39,108,8
39,109,6
39,111,7
39,116,3
39,117,5
39,119,5
39,120,5
39,122,5
39,123,9
39,124,8
39,125,5
39,126,9
39,127,4
39,128,4
39,131,9
39,132,4
39,133,8
39,134,8
39,137,7
39,138,3
39,139,8
39,140,7
39,142,8
39,143,9
39,144,7
39,145,7
39,146,7
39,148,4
39,153,7
39,154,5
39,156,7
39,160,5
40,44,4
40,46,6
40,51,8
40,53,6
40,54,8
40,55,8
40,56,9
40,57,7
40,58,8
40,60,7
40,61,8
40,68,8
40,69,7
40,71,5
40,72,9
40,73,6
40,75,3
40,79,8
40,83,6
40,84,7
40,85,8
40,86,4
40,89,9
40,90,9
40,91,5
40,93,6
40,94,6
40,97,9
40,100,6
40,101,5
40,102,6
40,107,5
40,108,5
40,110,8
40,111,9
40,117,8
40,118,8
40,119,9
40,120,9
40,121,5
40,123,7
40,124,7
40,125,9
40,126,8
40,130,6
40,131,3
40,132,7
40,134,3
40,136,6
40,138,9
40,139,6
40,141,4
40,143,7
40,144,5
40,145,7
40,146,9
40,147,4
40,149,8
40,157,8
40,158,5
40,159,6
40,160,8
42,48,8
42,50,8
42,55,8
42,65,9
42,66,6
42,68,8
42,69,9
42,74,7
42,76,7
42,77,8
42,78,9
42,80,7
42,81,5
42,82,8
42,88,8
42,92,3
42,96,9
42,98,7
42,103,7
42,109,8
42,111,7
42,113,3
42,116,9
42,119,9
42,120,7
42,127,9
42,133,7
42,137,9
42,140,7
42,142,4
42,145,9
42,146,8
42,148,8
42,153,8
42,156,6
43,45,7
43,52,4
43,59,7
43,62,4
43,64,6
43,95,8
43,106,5
43,112,3
43,114,4
43,135,4
43,151,9
43,152,4
43,155,3
44,46,5
44,47,3
44,48,7
44,49,3
44,50,7
44,51,6
44,53,5
44,54,6
44,55,5
44,56,7
44,57,5
44,58,5
44,60,5
44,61,6
44,65,7
44,66,7
44,68,5
44,69,4
44,72,7
44,73,3
44,74,7
44,75,4
44,76,7
44,77,8
44,78,8
44,79,5
44,80,8
44,81,8
44,82,7
44,83,3
44,84,8
44,85,6
44,87,8
44,88,7
44,89,7
44,90,6
44,91,6
44,93,4
44,94,4
44,96,7
44,97,7
44,98,7
44,99,7
44,100,4
44,101,6
44,102,6
44,103,8
44,104,8
44,107,3
44,108,4
44,109,7
44,110,5
44,111,6
44,116,8
44,117,6
44,118,5
44,119,6
44,120,6
44,121,5
44,122,8
44,123,4
44,124,5
44,125,6
44,126,6
44,127,8
44,128,8
44,129,4
44,130,7
44,131,3
44,132,5
44,133,8
44,136,7
44,137,8
44,138,7
44,139,3
44,140,7
44,141,5
44,142,9
44,143,5
44,144,3
44,145,4
44,146,6
44,147,4
44,148,7
44,149,5
44,153,7
44,154,8
44,156,8
44,157,5
44,158,5
44,159,6
44,160,6
45,52,8
45,62,8
45,95,3
45,106,3
45,112,5
45,114,8
45,115,7
45,135,8
45,151,4
45,152,8
45,155,7
46,47,5
46,49,5
46,51,8
46,54,7
46,55,9
46,56,9
46,57,6
46,58,9
46,60,6
46,61,7
46,68,9
46,69,8
46,71,6
46,72,9
46,73,7
46,75,5
46,79,9
46,83,7
46,84,7
46,85,7
46,86,4
46,89,9
46,91,6
46,93,5
46,94,6
46,97,9
46,100,6
46,101,6
46,102,5
46,107,4
46,108,3
46,110,9
46,117,8
46,118,9
46,121,5
46,123,8
46,124,6
46,126,7
46,129,6
46,130,6
46,131,4
46,132,7
46,134,4
46,136,7
46,138,9
46,139,7
46,141,5
46,143,5
46,144,5
46,145,8
46,147,5
46,149,9
46,157,9
46,158,5
46,159,6
46,160,8
47,48,9
47,50,9
47,51,7
47,53,5
47,54,7
47,55,7
47,56,8
47,57,6
47,58,7
47,60,6
47,61,7
47,65,9
47,66,9
47,68,7
47,69,6
47,71,4
47,72,8
47,73,5
47,74,9
47,75,3
47,76,9
47,79,7
47,82,9
47,83,5
47,84,7
47,85,7
47,86,3
47,87,9
47,88,9
47,89,8
47,90,8
47,91,5
47,93,5
47,94,5
47,96,9
47,97,8
47,98,9
47,99,9
47,100,5
47,101,5
47,102,6
47,104,9
47,107,4
47,108,4
47,109,9
47,110,7
47,111,8
47,116,9
47,117,7
47,118,7
47,119,8
47,120,8
47,121,5
47,122,9
47,123,6
47,124,6
47,125,8
47,126,7
47,128,9
47,129,3
47,130,6
47,131,3
47,132,6
47,136,6
47,138,8
47,139,5
47,140,9
47,141,4
47,143,6
47,144,4
47,145,6
47,146,8
47,147,4
47,148,9
47,149,7
47,153,9
47,154,9
47,157,7
47,158,5
47,159,6
47,160,7
48,49,9
48,50,3
48,51,6
48,55,3
48,56,5
48,58,5
48,65,4
48,66,4
48,67,7
48,68,4
48,69,5
48,71,6
48,72,6
48,73,6
48,74,3
48,76,3
48,77,4
48,78,4
48,79,6
48,80,4
48,81,4
48,83,6
48,86,8
48,87,6
48,88,3
48,89,6
48,90,6
48,92,6
48,96,4
48,97,7
48,98,3
48,99,6
48,100,8
48,103,4
48,104,6
48,107,9
48,109,3
48,110,7
48,111,4
48,113,8
48,116,4
48,117,8
48,118,7
48,119,4
48,122,7
48,123,6
48,125,5
48,127,4
48,128,5
48,131,9
48,132,7
48,133,5
48,134,8
48,137,4
48,138,6
48,139,5
48,140,4
48,142,5
48,144,9
48,145,4
48,146,4
48,148,3
48,149,7
48,153,4
48,154,7
48,156,4
48,157,7
48,160,8
49,50,9
49,51,7
49,53,5
49,54,7
49,55,7
49,56,8
49,57,6
49,58,7
49,60,6
49,61,7
49,65,9
49,66,9
49,68,7
49,69,6
49,71,4
49,72,8
49,73,5
49,74,9
49,76,9
49,79,7
49,82,9
49,83,5
49,84,6
49,85,7
49,86,3
49,87,9
49,88,9
49,89,8
49,90,8
49,91,4
49,93,5
49,94,5
49,96,9
49,97,8
49,98,9
49,99,9
49,100,5
49,101,4
49,102,5
49,104,9
49,107,4
49,108,4
49,109,9
49,110,7
49,111,8
49,116,9
49,117,7
49,118,7
49,119,8
49,120,8
49,121,4
49,122,9
49,123,6
49,124,6
49,125,8
49,126,7
49,128,9
49,130,5
49,132,6
49,136,5
49,138,8
49,139,5
49,140,9
49,141,3
49,143,6
49,144,4
49,145,6
49,146,8
49,147,3
49,148,9
49,149,7
49,153,9
49,154,9
49,157,7
49,158,4
49,159,5
49,160,7
50,51,6
50,55,3
50,56,5
50,58,5
50,65,4
50,66,4
50,67,7
50,68,4
50,69,5
50,71,6
50,72,6
50,73,6
50,74,3
50,76,3
50,77,4
50,78,4
50,79,6
50,80,4
50,81,4
50,82,3
50,83,6
50,86,8
50,87,6
50,88,3
50,89,6
50,90,6
50,92,6
50,96,4
50,97,7
50,98,3
50,99,6
50,100,8
50,103,4
50,104,6
50,107,9
50,110,7
50,111,4
50,113,8
50,116,4
50,117,8
50,118,7
50,119,4
50,122,7
50,123,6
50,125,5
50,127,4
50,128,5
50,131,9
50,132,7
50,133,5
50,134,8
50,138,6
50,139,5
50,140,4
50,142,5
50,144,9
50,145,4
50,146,4
50,148,3
50,149,7
50,153,4
50,154,7
50,156,4
50,157,7
50,160,8
51,53,8
51,54,7
51,55,6
51,57,7
51,58,7
51,60,6
51,61,7
51,65,4
51,66,7
51,68,7
51,69,8
51,71,7
51,73,8
51,74,6
51,75,8
51,76,6
51,77,7
51,78,4
51,79,9
51,80,7
51,81,7
51,82,5
51,83,8
51,85,7
51,86,5
51,87,3
51,88,4
51,90,6
51,92,9
51,93,5
51,94,5
51,96,5
51,98,6
51,99,5
51,100,3
51,103,7
51,104,3
51,107,5
51,108,6
51,109,6
51,111,7
51,116,3
51,117,3
51,119,5
51,120,5
51,121,9
51,122,3
51,123,9
51,124,6
51,125,5
51,126,7
51,127,4
51,128,3
51,129,8
51,131,7
51,133,8
51,134,6
51,137,7
51,139,8
51,140,7
51,141,9
51,142,8
51,143,7
51,144,5
51,145,7
51,146,7
51,147,8
51,148,4
51,153,7
51,154,3
51,156,7
51,158,9
51,160,3
52,59,8
52,62,3
52,64,7
52,95,9
52,106,6
52,112,4
52,114,3
52,115,3
52,152,3
52,155,3
53,54,7
53,55,9
53,56,9
53,57,6
53,58,9
53,60,6
53,61,7
53,68,9
53,69,8
53,71,6
53,72,9
53,73,7
53,75,5
53,79,9
53,83,7
53,84,6
53,85,7
53,86,4
53,89,9
53,91,5
53,93,5
53,94,6
53,97,9
53,100,6
53,101,5
53,102,4
53,107,4
53,108,3
53,110,9
53,117,8
53,118,9
53,121,4
53,123,8
53,124,6
53,126,7
53,129,6
53,130,5
53,131,4
53,132,7
53,134,4
53,136,6
53,138,9
53,139,7
53,141,4
53,143,5
53,144,5
53,145,8
53,147,4
53,149,9
53,157,9
53,158,4
53,159,5
53,160,8
54,56,8
54,57,5
54,60,3
54,61,3
54,69,9
54,71,7
54,72,8
54,73,8
54,75,8
54,83,8
54,85,4
54,86,5
54,87,9
54,89,8
54,91,9
54,93,3
54,94,3
54,97,8
54,100,5
54,101,9
54,102,9
54,104,9
54,107,4
54,108,5
54,116,9
54,117,7
54,121,8
54,122,9
54,123,9
54,126,4
54,128,9
54,129,8
54,131,7
54,132,6
54,134,6
54,138,8
54,139,8
54,141,8
54,143,5
54,144,5
54,145,9
54,147,8
54,154,9
54,158,8
54,159,9
54,160,7
55,56,5
55,57,9
55,58,3
55,60,9
55,65,4
55,66,4
55,67,7
55,68,3
55,69,3
55,71,4
55,72,6
55,73,4
55,74,3
55,75,8
55,76,3
55,77,4
55,78,4
55,79,4
55,80,4
55,81,4
55,82,3
55,83,4
55,86,6
55,87,6
55,88,3
55,89,6
55,90,4
55,92,6
55,93,8
55,94,8
55,96,4
55,97,7
55,98,3
55,99,5
55,100,8
55,103,4
55,104,6
55,107,7
55,108,8
55,109,3
55,110,5
55,111,4
55,113,8
55,116,4
55,117,8
55,118,5
55,119,4
55,121,9
55,122,7
55,123,4
55,124,9
55,125,4
55,127,4
55,128,5
55,129,8
55,131,7
55,132,7
55,133,5
55,134,6
55,137,4
55,138,6
55,139,3
55,140,4
55,141,9
55,142,5
55,143,9
55,144,7
55,146,4
55,147,8
55,148,3
55,149,5
55,153,4
55,154,7
55,156,4
55,157,5
55,158,9
55,160,8
56,57,8
56,58,6
56,60,7
56,61,8
56,65,3
56,66,6
56,67,9
56,68,6
56,69,7
56,71,8
56,72,3
56,73,8
56,74,5
56,75,9
56,76,5
56,77,6
56,78,3
56,79,8
56,80,6
56,81,6
56,82,4
56,83,8
56,85,8
56,86,6
56,87,3
56,88,3
56,90,5
56,92,8
56,93,6
56,94,6
56,96,4
56,97,3
56,98,5
56,99,5
56,100,4
56,103,6
56,107,6
56,108,7
56,109,5
56,110,9
56,111,6
56,117,4
56,118,9
56,119,4
56,120,4
56,122,4
56,123,8
56,124,7
56,125,4
56,126,8
56,127,3
56,128,3
56,129,9
56,131,8
56,132,3
56,133,7
56,134,7
56,137,6
56,139,7
56,140,6
56,142,7
56,143,8
56,144,6
56,145,6
56,146,6
56,147,9
56,148,3
56,149,9
56,153,6
56,154,4
56,156,6
56,157,9
56,160,4
57,58,9
57,60,3
57,61,4
57,68,9
57,69,8
57,71,6
57,72,8
57,73,7
57,75,7
57,79,9
57,83,7
57,85,3
57,86,4
57,87,9
57,89,8
57,91,8
57,93,3
57,94,4
57,97,8
57,100,5
57,101,8
57,102,8
57,104,9
57,107,3
57,108,4
57,110,9
57,116,9
57,117,7
57,118,9
57,121,7
57,122,9
57,123,8
57,124,4
57,126,4
57,128,9
57,129,7
57,130,9
57,131,6
57,132,6
57,134,5
57,136,9
57,138,8
57,139,7
57,141,7
57,144,5
57,145,8
57,147,7
57,149,9
57,154,9
57,157,9
57,158,7
57,159,8
57,160,7
58,60,9
58,65,4
58,66,5
58,67,9
58,68,3
58,69,3
58,71,4
58,72,6
58,73,4
58,74,5
58,75,8
58,76,5
58,77,6
58,78,6
58,79,4
58,80,6
58,81,6
58,82,5
58,83,4
58,86,6
58,87,6
58,88,5
58,89,7
58,92,8
58,93,8
58,94,8
58,96,4
58,97,8
58,98,5
58,99,3
58,100,8
58,103,6
58,104,7
58,107,7
58,108,8
58,109,5
58,110,5
58,111,4
58,116,5
58,117,9
58,118,5
58,119,3
58,120,4
58,121,9
58,122,7
58,123,4
58,124,9
58,125,3
58,127,5
58,128,5
58,129,8
58,131,7
58,132,8
58,133,6
58,134,6
58,137,6
58,138,6
58,139,3
58,140,5
58,141,9
58,142,7
58,143,9
58,144,7
58,146,4
58,147,8
58,148,4
58,149,5
58,153,5
58,154,7
58,156,6
58,157,5
58,158,9
58,160,9
59,62,8
59,106,3
59,112,5
59,114,8
59,115,7
59,135,8
59,151,3
59,152,8
59,155,7
60,65,9
60,68,9
60,69,8
60,71,6
60,72,7
60,73,7
60,75,7
60,78,9
60,79,9
60,83,7
60,86,4
60,87,8
60,88,9
60,89,7
60,91,8
60,94,3
60,97,7
60,100,4
60,101,8
60,102,8
60,104,8
60,107,3
60,108,4
60,110,9
60,116,8
60,117,6
60,118,9
60,121,7
60,122,8
60,123,8
60,127,9
60,128,8
60,129,7
60,130,9
60,131,6
60,132,5
60,134,5
60,136,9
60,138,7
60,139,7
60,141,7
60,143,4
60,144,4
60,145,8
60,147,7
60,148,9
60,149,9
60,154,8
60,157,9
60,158,7
60,159,8
60,160,6
61,69,9
61,71,7
61,72,8
61,73,8
61,75,8
61,83,8
61,85,3
61,86,5
61,87,9
61,89,8
61,91,9
61,93,3
61,94,3
61,97,8
61,100,5
61,101,9
61,102,9
61,104,9
61,107,4
61,108,5
61,116,9
61,117,7
61,121,8
61,122,9
61,123,9
61,126,3
61,128,9
61,129,8
61,131,7
61,132,6
61,134,6
61,138,8
61,139,8
61,141,8
61,143,5
61,144,5
61,145,9
61,147,8
61,154,9
61,158,8
61,159,9
61,160,7
62,64,7
62,95,9
62,106,6
62,112,4
62,114,3
62,115,3
62,152,3
64,95,3
64,112,4
64,114,7
64,115,6
64,135,7
64,151,4
64,152,7
64,155,6
65,66,5
65,67,8
65,68,5
65,69,5
65,71,6
65,72,3
65,73,6
65,74,4
65,76,4
65,77,5
65,78,4
65,79,6
65,80,5
65,81,5
65,82,4
65,83,6
65,86,8
65,87,3
65,88,4
65,89,4
65,90,3
65,92,7
65,93,8
65,94,8
65,96,3
65,97,5
65,98,4
65,99,3
65,100,6
65,103,5
65,104,4
65,107,8
65,108,9
65,109,4
65,110,7
65,111,5
65,113,9
65,116,3
65,117,6
65,118,7
65,120,3
65,122,4
65,123,6
65,124,9
65,131,9
65,132,5
65,133,6
65,134,8
65,137,5
65,138,3
65,139,5
65,140,5
65,142,6
65,144,8
65,145,4
65,146,5
65,149,7
65,153,5
65,154,4
65,156,5
65,157,7
65,160,6
66,67,5
66,68,3
66,69,4
66,71,6
66,72,7
66,73,5
66,74,3
66,76,3
66,77,4
66,78,5
66,79,5
66,80,3
66,81,3
66,82,4
66,83,6
66,86,8
66,87,7
66,88,4
66,89,7
66,90,6
66,92,4
66,96,5
66,97,8
66,98,3
66,99,7
66,100,9
66,104,7
66,107,9
66,109,4
66,110,6
66,113,6
66,116,5
66,117,9
66,118,6
66,119,5
66,120,3
66,122,8
66,123,5
66,125,6
66,127,5
66,128,6
66,131,9
66,132,8
66,134,8
66,137,5
66,138,7
66,139,5
66,140,3
66,142,3
66,144,9
66,145,4
66,146,4
66,148,4
66,149,6
66,153,4
66,154,8
66,156,3
66,157,6
66,160,9
67,68,7
67,69,8
67,73,9
67,74,6
67,76,6
67,77,7
67,78,8
67,79,9
67,80,6
67,81,4
67,82,7
67,88,7
67,96,8
67,98,6
67,103,6
67,109,7
67,111,6
67,116,8
67,119,8
67,120,6
67,123,9
67,125,9
67,127,8
67,128,9
67,133,6
67,137,8
67,139,9
67,140,6
67,142,3
67,145,8
67,146,7
67,148,7
67,153,7
67,156,5
68,71,4
68,72,7
68,73,3
68,74,3
68,75,8
68,76,4
68,77,5
68,78,5
68,79,3
68,80,4
68,81,4
68,82,4
68,83,4
68,86,6
68,87,7
68,88,4
68,89,7
68,90,4
68,92,6
68,93,8
68,94,8
68,96,5
68,97,8
68,98,4
68,99,5
68,100,8
68,103,4
68,104,7
68,107,7
68,108,8
68,109,4
68,110,4
68,113,8
68,116,5
68,117,9
68,118,4
68,119,4
68,120,3
68,121,9
68,122,8
68,123,3
68,124,9
68,125,4
68,127,5
68,128,6
68,129,8
68,131,7
68,132,8
68,133,4
68,134,6
68,137,5
68,138,7
68,139,3
68,140,3
68,141,9
68,142,5
68,143,9
68,144,7
68,147,8
68,148,4
68,149,4
68,153,3
68,154,8
68,156,4
68,157,4
68,158,9
68,160,9
69,71,3
69,72,7
69,74,4
69,75,7
69,76,5
69,77,6
69,78,6
69,80,5
69,81,5
69,82,5
69,83,3
69,85,9
69,86,5
69,87,7
69,88,5
69,89,8
69,90,4
69,91,9
69,92,7
69,93,7
69,94,7
69,96,5
69,97,9
69,98,5
69,99,5
69,100,7
69,101,9
69,102,9
69,103,5
69,104,8
69,107,6
69,108,7
69,109,5
69,110,3
69,111,3
69,113,9
69,116,6
69,117,9
69,118,3
69,119,4
69,120,4
69,121,8
69,122,8
69,124,8
69,125,4
69,126,9
69,127,6
69,128,6
69,129,7
69,131,6
69,132,8
69,133,5
69,134,5
69,137,6
69,138,7
69,140,4
69,141,8
69,142,6
69,143,8
69,144,6
69,146,3
69,147,7
69,148,5
69,149,3
69,153,4
69,154,8
69,156,5
69,157,3
69,158,8
69,159,9
69,160,9
71,72,8
71,74,6
71,75,5
71,76,6
71,77,7
71,78,7
71,79,4
71,80,7
71,81,7
71,82,6
71,84,9
71,85,7
71,86,3
71,87,8
71,88,6
71,89,8
71,90,5
71,91,7
71,92,9
71,93,5
71,94,5
71,96,6
71,97,8
71,98,6
71,99,6
71,100,5
71,101,7
71,102,7
71,103,7
71,104,9
71,107,4
71,108,5
71,109,6
71,110,4
71,111,5
71,116,7
71,117,7
71,118,4
71,119,5
71,120,5
71,121,6
71,122,9
71,123,3
71,124,6
71,125,5
71,126,7
71,127,7
71,128,7
71,129,5
71,130,8
71,131,4
71,132,6
71,133,7
71,134,3
71,136,8
71,137,7
71,138,8
71,140,6
71,141,6
71,142,8
71,143,6
71,144,4
71,145,3
71,146,5
71,147,5
71,148,6
71,149,4
71,153,6
71,154,9
71,156,7
71,157,4
71,158,6
71,159,7
71,160,7
72,73,8
72,74,6
72,75,9
72,76,6
72,77,7
72,78,5
72,79,8
72,80,7
72,81,7
72,82,6
72,83,8
72,85,8
72,86,6
72,87,3
72,88,5
72,89,3
72,90,5
72,92,9
72,93,6
72,94,6
72,96,5
72,97,3
72,98,6
72,99,4
72,100,4
72,103,7
72,104,4
72,107,6
72,108,7
72,109,6
72,110,9
72,111,7
72,116,4
72,117,4
72,118,9
72,119,4
72,120,5
72,123,8
72,124,7
72,125,4
72,126,8
72,127,3
72,129,9
72,131,8
72,132,3
72,133,8
72,134,7
72,137,7
72,139,7
72,140,7
72,142,8
72,143,8
72,144,6
72,145,6
72,146,7
72,147,9
72,148,4
72,149,9
72,153,7
72,156,7
72,157,9
72,160,4
73,74,5
73,75,6
73,76,6
73,77,7
73,78,7
73,79,3
73,80,6
73,81,6
73,82,6
73,83,3
73,85,8
73,86,4
73,87,8
73,88,6
73,89,9
73,90,5
73,91,8
73,92,8
73,93,6
73,94,6
73,96,6
73,97,9
73,98,6
73,99,6
73,100,6
73,101,8
73,102,8
73,103,6
73,104,9
73,107,5
73,108,6
73,109,6
73,110,3
73,111,4
73,116,7
73,117,8
73,118,3
73,119,5
73,120,5
73,121,7
73,122,9
73,124,7
73,125,5
73,126,8
73,127,7
73,128,7
73,129,6
73,130,9
73,131,5
73,132,7
73,133,6
73,134,4
73,136,9
73,137,7
73,138,8
73,140,5
73,141,7
73,142,7
73,143,7
73,144,5
73,145,3
73,146,4
73,147,6
73,148,6
73,149,3
73,153,5
73,154,9
73,156,6
73,157,3
73,158,7
73,159,8
73,160,8
74,76,3
74,77,4
74,78,4
74,79,5
74,81,3
74,82,3
74,83,6
74,86,8
74,87,6
74,88,3
74,89,6
74,90,6
74,92,5
74,96,4
74,97,7
74,98,3
74,99,6
74,100,8
74,103,3
74,104,6
74,107,9
74,109,3
74,110,6
74,111,3
74,113,7
74,116,4
74,117,8
74,118,6
74,119,4
74,122,7
74,123,5
74,125,5
74,127,4
74,128,5
74,131,9
74,132,7
74,133,4
74,134,8
74,137,4
74,138,6
74,139,5
74,140,3
74,142,4
74,144,9
74,145,4
74,148,3
74,149,6
74,154,7
74,156,3
74,157,6
74,160,8
75,79,8
75,83,6
75,84,5
75,85,8
75,86,4
75,89,9
75,90,9
75,91,3
75,93,6
75,94,6
75,97,9
75,100,6
75,101,3
75,102,4
75,107,5
75,108,5
75,110,8
75,111,9
75,117,8
75,118,8
75,119,9
75,120,9
75,121,3
75,123,7
75,124,7
75,125,9
75,126,8
75,130,4
75,132,7
75,134,3
75,136,4
75,138,9
75,139,6
75,143,7
75,144,5
75,145,7
75,146,9
75,149,8
75,157,8
75,158,3
75,159,4
75,160,8
76,78,4
76,79,6
76,80,3
76,81,3
76,82,3
76,83,6
76,86,8
76,87,6
76,88,3
76,89,6
76,90,6
76,92,5
76,96,4
76,97,7
76,98,3
76,99,6
76,100,8
76,103,3
76,104,6
76,107,9
76,109,3
76,110,7
76,111,3
76,113,7
76,116,4
76,117,8
76,118,7
76,119,4
76,122,7
76,123,6
76,125,5
76,127,4
76,128,5
76,131,9
76,132,7
76,133,4
76,134,8
76,137,4
76,138,6
76,139,5
76,140,3
76,142,4
76,144,9
76,145,4
76,146,4
76,148,3
76,149,7
76,153,4
76,154,7
76,156,3
76,157,7
76,160,8
77,78,5
77,79,7
77,80,4
77,81,4
77,82,4
77,83,7
77,86,9
77,87,7
77,88,4
77,89,7
77,90,7
77,92,6
77,96,5
77,97,8
77,98,4
77,99,7
77,100,9
77,103,4
77,104,7
77,109,4
77,110,8
77,111,4
77,113,8
77,116,5
77,117,9
77,118,8
77,119,5
77,120,3
77,122,8
77,123,7
77,125,6
77,127,5
77,128,6
77,132,8
77,133,5
77,134,9
77,137,5
77,138,7
77,139,6
77,140,4
77,142,5
77,145,5
77,146,5
77,148,4
77,149,8
77,153,5
77,154,8
77,156,4
77,157,8
77,160,9
78,79,7
78,80,5
78,81,5
78,82,3
78,83,7
78,86,8
78,87,5
78,89,4
78,90,6
78,92,7
78,93,8
78,94,8
78,96,4
78,97,5
78,98,4
78,99,6
78,100,6
78,103,5
78,104,4
78,107,8
78,108,9
78,109,4
78,110,8
78,111,5
78,113,9
78,117,6
78,118,8
78,119,4
78,120,3
78,122,6
78,123,7
78,124,9
78,125,5
78,127,3
78,128,5
78,132,5
78,133,6
78,134,9
78,137,5
78,138,4
78,139,6
78,140,5
78,142,6
78,144,8
78,145,5
78,146,5
78,148,3
78,149,8
78,153,5
78,154,6
78,156,5
78,157,8
78,160,6
79,80,6
79,81,6
79,82,6
79,83,4
79,86,6
79,87,8
79,88,6
79,89,9
79,90,5
79,92,8
79,93,8
79,94,8
79,96,6
79,98,6
79,99,6
79,100,8
79,103,6
79,104,9
79,107,7
79,108,8
79,109,6
79,110,3
79,111,4
79,116,7
79,118,3
79,119,5
79,120,5
79,121,9
79,122,9
79,124,9
79,125,5
79,127,7
79,128,7
79,129,8
79,131,7
79,132,9
79,133,6
79,134,6
79,137,7
79,138,8
79,139,3
79,140,5
79,141,9
79,142,7
79,143,9
79,144,7
79,145,3
79,146,4
79,147,8
79,148,6
79,149,3
79,153,5
79,154,9
79,156,6
79,157,3
79,158,9
80,81,3
80,82,4
80,83,7
80,86,9
80,87,7
80,88,4
80,89,7
80,90,7
80,92,5
80,96,5
80,97,8
80,98,3
80,99,7
80,100,9
80,103,3
80,104,7
80,109,4
80,110,7
80,111,3
80,113,7
80,116,5
80,117,9
80,118,7
80,119,5
80,120,3
80,122,8
80,123,6
80,125,6
80,127,5
80,128,6
80,132,8
80,133,4
80,134,9
80,137,5
80,138,7
80,139,6
80,142,4
80,145,5
80,146,3
80,148,4
80,149,7
80,154,8
80,156,3
80,157,7
80,160,9
81,82,4
81,83,7
81,86,9
81,87,7
81,88,4
81,89,7
81,90,7
81,92,3
81,96,5
81,97,8
81,98,3
81,99,7
81,100,9
81,103,3
81,104,7
81,109,4
81,110,7
81,111,3
81,113,5
81,116,5
81,117,9
81,118,7
81,119,5
81,120,3
81,122,8
81,123,6
81,125,6
81,127,5
81,128,6
81,132,8
81,133,4
81,134,9
81,137,5
81,138,7
81,139,6
81,140,3
81,145,5
81,146,4
81,148,4
81,149,7
81,153,4
81,154,8
81,157,7
81,160,9
82,83,6
82,86,8
82,87,6
82,89,5
82,90,6
82,92,6
82,93,9
82,94,9
82,96,4
82,97,6
82,98,3
82,99,6
82,100,7
82,103,4
82,104,5
82,107,9
82,109,3
82,110,7
82,111,4
82,113,8
82,116,3
82,117,7
82,118,7
82,119,4
82,122,7
82,123,6
82,125,5
82,127,4
82,128,5
82,131,9
82,132,6
82,133,5
82,134,8
82,137,4
82,138,5
82,139,5
82,140,4
82,142,5
82,144,9
82,145,4
82,146,4
82,148,3
82,149,7
82,153,4
82,154,7
82,156,4
82,157,7
82,160,7
83,85,8
83,86,4
83,87,8
83,88,6
83,89,9
83,90,5
83,91,8
83,92,9
83,93,6
83,94,6
83,96,6
83,97,9
83,98,6
83,99,6
83,100,6
83,101,8
83,102,8
83,103,7
83,104,9
83,107,5
83,108,6
83,109,6
83,110,5
83,111,5
83,116,7
83,117,8
83,118,5
83,119,5
83,120,5
83,121,7
83,122,9
83,123,4
83,124,7
83,125,5
83,126,8
83,127,7
83,128,7
83,129,6
83,130,9
83,131,5
83,132,7
83,133,7
83,134,4
83,136,9
83,137,7
83,138,8
83,140,6
83,141,7
83,142,8
83,143,7
83,144,5
83,145,3
83,146,5
83,147,6
83,148,6
83,149,5
83,153,6
83,154,9
83,156,7
83,157,5
83,158,7
83,159,8
83,160,8
84,86,8
84,91,4
84,93,9
84,101,3
84,102,3
84,107,8
84,108,7
84,121,5
84,129,6
84,131,6
84,134,7
84,136,3
84,141,4
84,143,9
84,144,9
84,147,5
84,158,4
84,159,3
85,86,5
85,87,9
85,89,8
85,91,9
85,93,3
85,94,4
85,97,8
85,100,5
85,101,9
85,102,9
85,104,9
85,107,4
85,108,5
85,116,9
85,117,7
85,121,8
85,122,9
85,123,9
85,124,3
85,128,9
85,129,8
85,131,7
85,132,6
85,134,6
85,138,8
85,139,8
85,141,8
85,143,4
85,144,5
85,145,9
85,147,8
85,154,9
85,158,8
85,159,9
85,160,7
86,87,7
86,88,8
86,89,6
86,90,7
86,91,6
86,93,3
86,94,3
86,96,8
86,97,6
86,98,8
86,99,8
86,100,3
86,101,6
86,102,6
86,103,9
86,104,7
86,108,3
86,109,8
86,110,6
86,111,7
86,116,7
86,117,5
86,118,6
86,119,7
86,120,7
86,121,5
86,122,7
86,123,5
86,124,4
86,125,7
86,126,5
86,127,8
86,128,7
86,129,4
86,130,7
86,131,3
86,132,4
86,133,9
86,136,7
86,137,9
86,138,6
86,139,4
86,140,8
86,141,5
86,143,4
86,145,5
86,146,7
86,147,4
86,148,8
86,149,6
86,153,8
86,154,7
86,156,9
86,157,6
86,158,5
86,159,6
86,160,5
87,88,5
87,89,4
87,90,5
87,92,9
87,93,7
87,94,7
87,96,5
87,97,4
87,98,6
87,99,5
87,100,5
87,103,7
87,104,4
87,107,7
87,108,8
87,109,6
87,110,9
87,111,7
87,116,4
87,117,5
87,118,9
87,119,4
87,120,5
87,122,4
87,123,8
87,124,8
87,125,4
87,126,9
87,127,3
87,128,3
87,131,9
87,132,4
87,133,8
87,134,8
87,137,7
87,139,7
87,140,7
87,142,8
87,143,9
87,144,7
87,145,6
87,146,7
87,148,4
87,149,9
87,153,7
87,154,4
87,156,7
87,157,9
87,160,5
88,89,4
88,90,6
88,92,6
88,93,8
88,94,8
88,96,4
88,97,5
88,98,3
88,99,6
88,100,6
88,103,4
88,104,4
88,107,8
88,108,9
88,109,3
88,110,7
88,111,4
88,113,8
88,117,6
88,118,7
88,119,4
88,122,6
88,123,6
88,124,9
88,125,5
88,127,3
88,128,5
88,131,9
88,132,5
88,133,5
88,134,8
88,137,4
88,138,4
88,139,5
88,140,4
88,142,5
88,144,8
88,145,4
88,146,4
88,148,3
88,149,7
88,153,4
88,154,6
88,156,4
88,157,7
88,160,6
89,90,6
89,92,9
89,93,6
89,94,6
89,96,5
89,97,3
89,98,6
89,99,6
89,100,4
89,103,7
89,104,3
89,107,6
89,108,7
89,109,6
89,111,7
89,116,3
89,117,4
89,119,5
89,120,5
89,122,4
89,123,9
89,124,7
89,125,5
89,126,8
89,127,4
89,128,4
89,129,9
89,131,8
89,132,3
89,133,8
89,134,7
89,137,7
89,138,3
89,139,8
89,140,7
89,142,8
89,143,8
89,144,6
89,145,7
89,146,7
89,147,9
89,148,4
89,153,7
89,154,4
89,156,7
89,160,4
90,92,9
90,93,9
90,94,9
90,96,4
90,97,7
90,98,6
90,99,3
90,100,8
90,103,7
90,104,6
90,107,8
90,108,9
90,109,6
90,110,6
90,111,5
90,116,5
90,117,8
90,118,6
90,119,3
90,120,5
90,122,6
90,123,5
90,127,4
90,128,4
90,129,9
90,131,8
90,132,7
90,133,7
90,134,7
90,137,7
90,138,5
90,139,4
90,140,6
90,142,8
90,144,8
90,145,3
90,146,5
90,147,9
90,148,4
90,149,6
90,153,6
90,154,6
90,156,7
90,157,6
90,160,8
91,93,7
91,94,8
91,100,8
91,102,3
91,107,6
91,108,6
91,121,3
91,123,9
91,124,8
91,126,9
91,129,4
91,130,3
91,131,4
91,132,9
91,134,5
91,136,3
91,139,8
91,143,8
91,144,7
91,145,9
91,147,3
91,159,3
92,96,7
92,98,5
92,99,9
92,103,5
92,104,9
92,109,6
92,110,9
92,111,5
92,113,3
92,116,7
92,118,9
92,119,7
92,120,5
92,123,8
92,125,8
92,127,7
92,128,8
92,133,5
92,137,7
92,138,9
92,139,8
92,140,5
92,145,7
92,146,6
92,148,6
92,149,9
92,153,6
92,156,4
92,157,9
93,96,9
93,97,6
93,99,9
93,100,3
93,101,7
93,102,7
93,104,7
93,108,3
93,110,8
93,111,9
93,116,7
93,117,5
93,118,8
93,119,9
93,120,9
93,121,6
93,122,7
93,123,7
93,125,9
93,126,3
93,127,8
93,128,7
93,129,6
93,130,8
93,131,5
93,132,4
93,134,4
93,136,8
93,138,6
93,139,6
93,141,6
93,143,3
93,144,3
93,145,7
93,146,9
93,147,6
93,148,8
93,149,8
93,154,7
93,157,8
93,158,6
93,159,7
93,160,5
94,96,9
94,97,6
94,99,9
94,100,3
94,101,8
94,102,8
94,104,7
94,107,3
94,108,4
94,110,8
94,111,9
94,116,7
94,117,5
94,118,8
94,119,9
94,120,9
94,121,7
94,122,7
94,123,7
94,125,9
94,126,4
94,127,8
94,128,7
94,129,6
94,130,9
94,131,5
94,132,4
94,134,4
94,136,9
94,138,6
94,139,6
94,141,7
94,143,4
94,144,3
94,145,7
94,146,9
94,147,6
94,148,8
94,149,8
94,154,7
94,157,8
94,158,7
94,159,8
94,160,5
95,106,4
95,112,6
95,114,9
95,115,8
95,135,9
95,152,9
95,155,8
96,97,6
96,98,4
96,99,4
96,100,7
96,103,5
96,104,5
96,107,9
96,109,4
96,110,7
96,111,5
96,113,9
96,116,3
96,117,7
96,118,7
96,120,3
96,122,6
96,123,6
96,125,3
96,127,3
96,128,4
96,131,9
96,132,6
96,133,6
96,134,8
96,137,5
96,138,5
96,139,5
96,140,5
96,142,6
96,144,9
96,145,4
96,146,5
96,149,7
96,153,5
96,154,6
96,156,5
96,157,7
96,160,7
97,98,7
97,99,6
97,100,4
97,103,8
97,104,4
97,107,6
97,108,7
97,109,7
97,111,8
97,116,4
97,117,4
97,119,6
97,120,6
97,122,4
97,124,7
97,125,6
97,126,8
97,127,5
97,128,4
97,129,9
97,131,8
97,132,3
97,133,9
97,134,7
97,137,8
97,138,3
97,139,9
97,140,8
97,142,9
97,143,8
97,144,6
97,145,8
97,146,8
97,147,9
97,148,5
97,153,8
97,154,4
97,156,8
97,160,4
98,99,6
98,100,8
98,103,3
98,104,6
98,107,9
98,109,3
98,110,7
98,111,3
98,113,7
98,116,4
98,117,8
98,118,7
98,119,4
98,122,7
98,123,6
98,125,5
98,127,4
98,128,5
98,131,9
98,132,7
98,133,4
98,134,8
98,137,4
98,138,6
98,139,5
98,140,3
98,142,4
98,144,9
98,145,4
98,146,4
98,148,3
98,149,7
98,153,4
98,154,7
98,156,3
98,157,7
98,160,8
99,100,7
99,103,7
99,104,6
99,107,9
99,109,6
99,110,7
99,111,6
99,116,5
99,117,7
99,118,7
99,119,3
99,120,5
99,122,5
99,123,6
99,127,4
99,128,3
99,131,9
99,132,6
99,133,8
99,134,8
99,137,7
99,138,5
99,139,5
99,140,7
99,142,8
99,144,9
99,145,4
99,146,6
99,148,4
99,149,7
99,153,7
99,154,5
99,156,7
99,157,7
99,160,7
100,101,8
100,102,8
100,103,9
100,104,5
100,107,3
100,108,4
100,109,8
100,110,8
100,111,9
100,116,5
100,117,3
100,118,8
100,119,7
100,120,7
100,121,7
100,122,5
100,123,7
100,124,4
100,125,7
100,126,5
100,127,6
100,128,5
100,129,6
100,130,9
100,131,5
100,134,4
100,136,9
100,137,9
100,138,4
100,139,6
100,140,9
100,141,7
100,143,5
100,144,3
100,145,7
100,146,9
100,147,6
100,148,6
100,149,8
100,153,9
100,154,5
100,156,9
100,157,8
100,158,7
100,159,8
100,160,3
101,102,3
101,107,6
101,108,6
101,121,3
101,123,9
101,124,8
101,126,9
101,129,4
101,131,4
101,132,9
101,134,5
101,139,8
101,143,8
101,144,7
101,145,9
101,147,3
102,107,6
102,108,5
102,121,4
102,123,9
102,124,8
102,126,9
102,129,5
102,131,4
102,132,9
102,134,5
102,136,3
102,139,8
102,141,3
102,143,7
102,144,7
102,145,9
102,147,4
102,159,3
103,104,7
103,109,4
103,110,7
103,111,3
103,113,7
103,116,5
103,117,9
103,118,7
103,119,5
103,120,3
103,122,8
103,123,6
103,125,6
103,127,5
103,128,6
103,132,8
103,133,3
103,134,9
103,137,5
103,138,7
103,139,6
103,140,3
103,142,4
103,145,5
103,146,4
103,148,4
103,149,7
103,153,4
103,154,8
103,156,3
103,157,7
103,160,9
104,107,7
104,108,8
104,109,6
104,111,7
104,116,3
104,117,5
104,119,5
104,120,5
104,122,5
104,123,9
104,124,8
104,125,5
104,126,9
104,127,4
104,128,4
104,131,9
104,132,4
104,133,8
104,134,8
104,137,7
104,138,3
104,139,8
104,140,7
104,142,8
104,143,9
104,144,7
104,145,7
104,146,7
104,148,4
104,153,7
104,154,5
104,156,7
104,160,5
105,107,6
105,108,7
105,109,6
105,111,7
105,116,3
105,117,4
105,119,5
105,120,5
105,122,4
105,123,9
105,124,7
105,125,5
105,126,8
105,127,4
105,128,4
105,129,9
105,131,8
105,132,3
105,133,8
105,134,7
105,137,7
105,138,3
105,139,8
105,140,7
105,142,8
105,143,8
105,144,6
105,145,7
105,146,7
105,147,9
105,148,4
105,153,7
105,154,4
105,156,7
105,160,4
106,112,3
106,114,6
106,115,5
106,135,6
106,151,5
106,152,6
106,155,5
107,109,9
107,110,7
107,111,8
107,116,7
107,117,5
107,118,7
107,119,8
107,120,8
107,121,5
107,122,7
107,123,6
107,124,3
107,125,8
107,126,4
107,127,8
107,128,7
107,129,5
107,130,7
107,131,4
107,132,4
107,134,3
107,136,7
107,138,6
107,139,5
107,140,9
107,141,5
107,143,3
107,144,3
107,145,6
107,146,8
107,147,5
107,148,8
107,149,7
107,153,9
107,154,7
107,157,7
107,158,5
107,159,6
107,160,5
108,110,8
108,111,9
108,116,8
108,117,6
108,118,8
108,119,9
108,120,9
108,121,5
108,122,8
108,123,7
108,124,4
108,125,9
108,126,5
108,127,9
108,128,8
108,129,5
108,130,6
108,131,4
108,132,5
108,134,3
108,136,7
108,138,7
108,139,6
108,141,5
108,143,3
108,144,4
108,145,7
108,146,9
108,147,5
108,148,9
108,149,8
108,154,8
108,157,8
108,158,5
108,159,6
108,160,6
109,110,7
109,111,4
109,113,8
109,116,4
109,117,8
109,118,7
109,119,4
109,122,7
109,123,6
109,125,5
109,127,4
109,128,5
109,131,9
109,132,7
109,133,5
109,134,8
109,138,6
109,139,5
109,140,4
109,142,5
109,144,9
109,145,4
109,146,4
109,148,3
109,149,7
109,153,4
109,154,7
109,156,4
109,157,7
109,160,8
110,111,5
110,116,8
110,118,3
110,119,6
110,120,6
110,121,9
110,124,9
110,125,6
110,127,8
110,128,8
110,129,8
110,131,7
110,132,9
110,133,7
110,134,6
110,137,8
110,138,9
110,139,4
110,140,6
110,141,9
110,142,8
110,143,9
110,144,7
110,145,4
110,146,5
110,147,8
110,148,7
110,153,6
110,156,7
110,158,9
111,113,7
111,116,5
111,117,9
111,118,5
111,119,5
111,120,3
111,122,8
111,123,4
111,125,5
111,127,5
111,128,6
111,129,9
111,131,8
111,132,8
111,133,3
111,134,7
111,137,5
111,138,7
111,139,4
111,140,3
111,142,4
111,144,8
111,145,3
111,146,3
111,147,9
111,148,4
111,149,5
111,153,3
111,154,8
111,156,3
111,157,5
111,160,9
112,114,4
112,115,3
112,135,4
112,151,7
112,152,4
112,155,3
113,116,9
113,119,9
113,120,7
113,127,9
113,133,7
113,137,9
113,140,7
113,142,4
113,145,9
113,146,8
113,148,8
113,153,8
113,156,6
114,115,3
114,135,3
114,152,3
114,155,3
115,135,3
115,151,9
115,152,3
115,155,3
116,117,5
116,118,8
116,119,3
116,120,3
116,122,5
116,123,7
116,124,8
116,125,4
116,126,9
116,128,4
116,131,9
116,132,4
116,133,6
116,134,8
116,137,5
116,138,3
116,139,6
116,140,5
116,142,6
116,143,9
116,144,7
116,145,5
116,146,5
116,149,8
116,153,5
116,154,5
116,156,5
116,157,8
116,160,5
117,119,7
117,120,7
117,121,9
117,122,5
117,123,9
117,124,6
117,125,7
117,126,7
117,127,6
117,128,5
117,129,8
117,131,7
117,134,6
117,137,9
117,138,4
117,139,8
117,140,9
117,141,9
117,143,7
117,144,5
117,145,9
117,146,9
117,147,8
117,148,6
117,153,9
117,154,5
117,156,9
117,158,9
117,160,3
118,119,6
118,120,6
118,121,9
118,124,9
118,125,6
118,127,8
118,128,8
118,129,8
118,131,7
118,132,9
118,133,7
118,134,6
118,137,8
118,138,9
118,139,4
118,140,6
118,141,9
118,142,8
118,143,9
118,144,7
118,145,4
118,146,5
118,147,8
118,148,7
118,153,6
118,156,7
118,157,3
118,158,9
119,120,3
119,122,5
119,123,5
119,127,3
119,128,3
119,129,9
119,131,8
119,132,6
119,133,6
119,134,7
119,137,5
119,138,4
119,139,4
119,140,5
119,142,6
119,144,8
119,145,3
119,146,5
119,147,9
119,149,6
119,153,5
119,154,5
119,156,5
119,157,6
119,160,7
120,122,6
120,123,5
120,125,4
120,127,3
120,128,4
120,129,9
120,131,8
120,132,6
120,133,4
120,134,7
120,137,3
120,138,5
120,139,4
120,140,3
120,142,4
120,144,8
120,145,3
120,146,3
120,147,9
120,149,6
120,153,3
120,154,6
120,156,3
120,157,6
120,160,7
121,123,8
121,124,7
121,126,8
121,129,4
121,130,4
121,131,3
121,132,8
121,134,4
121,136,4
121,139,7
121,143,7
121,144,6
121,145,8
121,149,9
121,157,9
121,158,3
121,159,4
121,160,9
122,123,9
122,124,8
122,125,5
122,126,9
122,127,4
122,128,3
122,131,9
122,132,4
122,133,9
122,134,8
122,137,8
122,138,3
122,139,8
122,140,8
122,142,9
122,143,9
122,144,7
122,145,7
122,146,8
122,148,5
122,153,8
122,154,3
122,156,8
122,160,5
123,124,8
123,125,5
123,126,9
123,127,7
123,128,7
123,129,7
123,131,6
123,132,8
123,133,6
123,134,5
123,137,7
123,138,8
123,139,3
123,140,5
123,141,8
123,142,7
123,143,8
123,144,6
123,145,3
123,146,4
123,147,7
123,148,6
123,153,5
123,154,9
123,156,6
123,158,8
123,159,9
123,160,9
124,126,3
124,127,9
124,128,8
124,129,7
124,130,9
124,131,6
124,132,5
124,134,5
124,136,9
124,138,7
124,139,7
124,141,7
124,143,4
124,144,4
124,145,8
124,147,7
124,148,9
124,149,9
124,154,8
124,157,9
124,158,7
124,159,8
124,160,6
125,127,3
125,128,3
125,129,9
125,131,8
125,132,6
125,133,7
125,134,7
125,137,6
125,138,4
125,139,4
125,140,6
125,142,7
125,144,8
125,145,3
125,146,5
125,147,9
125,148,3
125,149,6
125,153,6
125,154,5
125,156,6
125,157,6
125,160,7
126,128,9
126,129,8
126,131,7
126,132,6
126,134,6
126,138,8
126,139,8
126,141,8
126,143,5
126,144,5
126,145,9
126,147,8
126,154,9
126,158,8
126,159,9
126,160,7
127,128,3
127,132,5
127,133,6
127,134,9
127,137,5
127,138,3
127,139,6
127,140,5
127,142,6
127,144,8
127,145,5
127,146,5
127,149,8
127,153,5
127,154,4
127,156,5
127,157,8
127,160,6
128,131,9
128,132,4
128,133,7
128,134,8
128,137,6
128,138,3
128,139,6
128,140,6
128,142,7
128,143,9
128,144,7
128,145,5
128,146,6
128,148,3
128,149,8
128,153,6
128,154,3
128,156,6
128,157,8
128,160,5
129,130,5
129,131,3
129,132,7
129,134,3
129,136,5
129,138,9
129,139,6
129,141,3
129,143,7
129,144,5
129,145,7
129,146,9
129,147,3
129,149,8
129,157,8
129,158,4
129,159,5
129,160,8
130,131,5
130,134,6
130,139,9
130,141,3
130,143,8
130,144,8
130,147,4
130,158,3
131,132,6
131,136,5
131,138,8
131,139,5
131,140,9
131,141,3
131,143,6
131,144,4
131,145,6
131,146,8
131,148,9
131,149,7
131,153,9
131,154,9
131,157,7
131,158,3
131,159,4
131,160,7
132,133,9
132,134,5
132,137,8
132,138,3
132,139,7
132,140,8
132,141,8
132,142,9
132,143,6
132,144,4
132,145,8
132,146,8
132,147,7
132,148,5
132,149,9
132,153,8
132,154,4
132,156,8
132,157,9
132,158,8
132,159,9
133,134,9
133,137,6
133,138,8
133,139,6
133,140,4
133,142,4
133,145,5
133,146,5
133,148,5
133,149,7
133,153,5
133,154,9
133,156,4
133,157,7
134,136,6
134,137,9
134,138,7
134,139,4
134,140,8
134,141,4
134,143,5
134,144,3
134,145,5
134,146,7
134,147,3
134,148,8
134,149,6
134,153,8
134,154,8
134,156,9
134,157,6
134,158,4
134,159,5
134,160,6
135,152,3
135,155,3
136,139,9
136,141,3
136,143,9
136,144,8
136,147,4
136,158,3
136,159,3
137,138,7
137,139,6
137,140,5
137,142,6
137,145,5
137,146,5
137,148,4
137,149,8
137,153,5
137,154,8
137,156,5
137,157,8
137,160,9
138,139,7
138,140,7
138,142,8
138,143,8
138,144,6
138,145,6
138,146,7
138,147,9
138,148,4
138,149,9
138,153,7
138,154,3
138,156,7
138,157,9
138,160,4
139,140,5
139,141,7
139,142,7
139,143,7
139,144,5
139,146,4
139,147,6
139,148,5
139,149,4
139,153,5
139,154,8
139,156,6
139,157,4
139,158,7
139,159,8
139,160,8
140,142,4
140,144,9
140,145,4
140,146,3
140,148,4
140,149,6
140,154,8
140,156,3
140,157,6
140,160,9
141,143,7
141,144,6
141,145,8
141,149,9
141,157,9
141,159,3
141,160,9
142,145,6
142,146,5
142,148,5
142,149,8
142,153,5
142,154,9
142,156,3
142,157,8
143,144,5
143,145,8
143,147,7
143,149,9
143,154,9
143,157,9
143,158,7
143,159,8
143,160,7
144,145,6
144,146,8
144,147,5
144,148,8
144,149,7
144,153,9
144,154,7
144,157,7
144,158,6
144,159,7
144,160,5
145,146,3
145,147,7
145,148,4
145,149,4
145,153,4
145,154,7
145,156,5
145,157,4
145,158,8
145,159,9
145,160,9
146,147,9
146,148,4
146,149,5
146,154,8
146,156,4
146,157,5
146,160,9
147,149,8
147,157,8
147,158,3
147,159,4
147,160,8
148,149,7
148,153,4
148,154,5
148,156,4
148,157,7
148,160,6
149,153,6
149,156,7
149,157,3
149,158,9
151,155,9
152,155,3
153,154,8
153,156,4
153,157,6
153,160,9
154,156,8
154,160,5
156,157,7
156,160,9
157,158,9
158,160,9
